create database QLKH
use QLKH
-- BANG KHACH HANG
create table KHACHHANG(
	MAKH char(4) primary key,
	HOTEN varchar(40),
	DCHI varchar(50),
	SODT varchar(20),
	NGSINH smalldatetime,
	DOANHSO money,
	NGDK smalldatetime,
)
--Cau 10
ALTER TABLE KHACHHANG
	ADD CONSTRAINT NGAY CHECK (NGDK > NGSINH)
--Cau 3
ALTER TABLE KHACHHANG
	ADD LOAIKH tinyint
ALTER TABLE KHACHHANG
	ALTER COLUMN LOAIKH varchar(100)
--Cau 6
ALTER TABLE KHACHHANG
	ADD CONSTRAINT LHK CHECK (LOAIKH in('Vang lai', 'Thuong xuyen', 'Vip'))
-- BANG NHAN VIEN
create table NHANVIEN(
	MANV char(4) primary key,
	HOTEN varchar(40),
	NGVL smalldatetime,
	SODT varchar(20),
)
-- BANG SAN PHAM
create table SANPHAM(
	MASP char(4) primary key,
	TENSP varchar(40),
	DVT varchar(20),
	NUOCSX varchar(40),
	GIA money,
)
--Cau 2
ALTER TABLE SANPHAM
	ADD GHICHU varchar(20);
--Cau 4
ALTER TABLE SANPHAM
	ALTER COLUMN GHICHU varchar(100);
--Cau 5
ALTER TABLE SANPHAM
	DROP COLUMN GHICHU;
--Cau 7
ALTER TABLE SANPHAM
	ADD CONSTRAINT DV check (DVT in('cay', 'hop', 'cai', 'quyen', 'chuc'))
--Cau 8
ALTER TABLE SANPHAM
	ADD CONSTRAINT GIA_BAN CHECK (GIA>=500)
-- BANG HOA DON
create table HOADON(
	SOHD int primary key,
	NGHD smalldatetime,
	MAKH char(4),
	MANV char(4),
	TRIGIA int,
)
ALTER TABLE HOADON 
	ADD CONSTRAINT FK_NV FOREIGN KEY (MANV) REFERENCES NHANVIEN(MANV)
ALTER TABLE HOADON
	ADD CONSTRAINT FK_KH FOREIGN KEY (MAKH) REFERENCES KHACHHANG(MAKH)
-- BANG CHI TIET HOA DON
create table CTHD(
	SOHD int,
	MASP char(4), 
	SL int,
	constraint PK_CTHD primary key(SOHD, MASP)
)
ALTER TABLE CTHD
	ADD CONSTRAINT FK_SHD FOREIGN KEY (SOHD) REFERENCES HOADON(SOHD)
ALTER TABLE CTHD
	ADD CONSTRAINT FK_MSP FOREIGN KEY (MASP) REFERENCES SANPHAM(MASP)
ALTER TABLE CTHD
	ADD CONSTRAINT SO_LUONG CHECK (SL >= 1)
--Cau 1 phan II
SET DATEFORMAT DMY
INSERT INTO NHANVIEN (MANV, HOTEN, SODT, NGVL) VALUES ('NV01', 'Nguyen Nhu Nhut', '0927345678', '13/4/2006')
INSERT INTO NHANVIEN (MANV, HOTEN, SODT, NGVL) VALUES ('NV02', 'Le Thi Phi Yen', '0987567390', '21/4/2006')
INSERT INTO NHANVIEN (MANV, HOTEN, SODT, NGVL) VALUES ('NV03', 'Nguyen Van B', '0997047382', '27/4/2006')
INSERT INTO NHANVIEN (MANV, HOTEN, SODT, NGVL) VALUES ('NV04', 'Ngo Thanh Tuan', '0913758498', '24/6/2006')
INSERT INTO NHANVIEN (MANV, HOTEN, SODT, NGVL) VALUES ('NV05', 'Nguyen Thi Truc Thanh', '0918590387', '20/7/2006')

INSERT INTO KHACHHANG (MAKH, HOTEN, DCHI, SODT, NGSINH, DOANHSO, NGDK) VALUES ('KH01', 'Nguyen Van A', '731, Tran Hung Dao, Q5, TPHCM', '08823451', '22/10/1960', 13060000, '22/07/2006')
INSERT INTO KHACHHANG (MAKH, HOTEN, DCHI, SODT, NGSINH, DOANHSO, NGDK) VALUES ('KH02', 'Tran Ngoc Han', '23/5 Nguyen Trai, Q5, TpHCM', '0908256478', '03/04/1974', 280000, '30/07/2006')
INSERT INTO KHACHHANG (MAKH, HOTEN, DCHI, SODT, NGSINH, DOANHSO, NGDK) VALUES ('KH03', 'Tran Ngoc Linh', '45 Nguyen Canh Chan, Q1, TpHCM', '0938776266', '12/06/1980', 3860000, '05/08/2006')
INSERT INTO KHACHHANG (MAKH, HOTEN, DCHI, SODT, NGSINH, DOANHSO, NGDK) VALUES ('KH04', 'Tran Minh Long', '50/34 Le Dai hanh, Q10, TpHCM', '0917325476', '09/03/1965', 250000, '02/10/2006')
INSERT INTO KHACHHANG (MAKH, HOTEN, DCHI, SODT, NGSINH, DOANHSO, NGDK) VALUES ('KH05', 'Le Nhat Minh', '34 Truong Dinh, Q3, TPHCM', '08246108', '10/03/1960', 21000, '28/10/2006')
INSERT INTO KHACHHANG (MAKH, HOTEN, DCHI, SODT, NGSINH, DOANHSO, NGDK) VALUES ('KH06', 'Le Hoai Thuong', '227 Nguyen Van Cu, Q5, TpHCM', '08631738', '31/12/1981', 915000, '24/11/2006')
INSERT INTO KHACHHANG (MAKH, HOTEN, DCHI, SODT, NGSINH, DOANHSO, NGDK) VALUES ('KH07', 'Nguyen Van Tam', '32/3 Tran Binh Trong, Q5, TpHCM', '0916783565', '06/04/1971', 12500, '01/12/2006')
INSERT INTO KHACHHANG (MAKH, HOTEN, DCHI, SODT, NGSINH, DOANHSO, NGDK) VALUES ('KH08', 'Phan Thi Thanh', '45/2 An Duong Vuong, Q5, TPHCM', '0938435756', '10/01/1971', 365000, '13/12/2006')
INSERT INTO KHACHHANG (MAKH, HOTEN, DCHI, SODT, NGSINH, DOANHSO, NGDK) VALUES ('KH09', 'Le Ha Vinh', '873 Le Hong Phong, Q5, TPHCM', '08654763', '03/09/1979', 70000, '14/01/2007')
INSERT INTO KHACHHANG (MAKH, HOTEN, DCHI, SODT, NGSINH, DOANHSO, NGDK) VALUES ('KH10', 'Ha Duy Lap', '34/34B Nguyen Trai, Q1, TPHCM', '08768904', '02/05/1963', 67500, '16/01/2007')

INSERT INTO SANPHAM (MASP, TENSP, DVT, NUOCSX, GIA) VALUES ('BC01', 'But Chi', 'cay', 'Singapore', 3000)
INSERT INTO SANPHAM (MASP, TENSP, DVT, NUOCSX, GIA) VALUES ('BC02', 'But Chi', 'cay', 'Singapore', 5000)
INSERT INTO SANPHAM (MASP, TENSP, DVT, NUOCSX, GIA) VALUES ('BC03', 'But Chi', 'cay', 'Viet Nam', 3500)
INSERT INTO SANPHAM (MASP, TENSP, DVT, NUOCSX, GIA) VALUES ('BC04', 'But Chi', 'hop', 'Viet Nam', 30000)
INSERT INTO SANPHAM (MASP, TENSP, DVT, NUOCSX, GIA) VALUES ('BB01', 'But bi', 'cay', 'Viet Nam', 5000)
INSERT INTO SANPHAM (MASP, TENSP, DVT, NUOCSX, GIA) VALUES ('BB02', 'But bi', 'cay', 'Trung Quoc', 7000)
INSERT INTO SANPHAM (MASP, TENSP, DVT, NUOCSX, GIA) VALUES ('BB03', 'But bi', 'hop', 'Thai Lan', 100000)
INSERT INTO SANPHAM (MASP, TENSP, DVT, NUOCSX, GIA) VALUES ('TV01', 'Tap 100 giay mong', 'quyen', 'Trung Quoc', 2500)
INSERT INTO SANPHAM (MASP, TENSP, DVT, NUOCSX, GIA) VALUES ('TV02', 'Tap 200 giay mong', 'quyen', 'Trung Quoc', 4500)
INSERT INTO SANPHAM (MASP, TENSP, DVT, NUOCSX, GIA) VALUES ('TV03', 'Tap 100 giay tot', 'quyen', 'Viet Nam', 3000)
INSERT INTO SANPHAM (MASP, TENSP, DVT, NUOCSX, GIA) VALUES ('TV04', 'Tap 200 giay tot', 'quyen', 'Viet Nam', 5500)
INSERT INTO SANPHAM (MASP, TENSP, DVT, NUOCSX, GIA) VALUES ('TV05', 'Tap 100 trang', 'chuc', 'Viet Nam', 23000)
INSERT INTO SANPHAM (MASP, TENSP, DVT, NUOCSX, GIA) VALUES ('TV06', 'Tap 200 trang', 'chuc', 'Viet Nam', 53000)
INSERT INTO SANPHAM (MASP, TENSP, DVT, NUOCSX, GIA) VALUES ('TV07', 'Tap 100 trang', 'chuc', 'Trung Quoc', 34000)
INSERT INTO SANPHAM (MASP, TENSP, DVT, NUOCSX, GIA) VALUES ('ST01', 'So tay 500 trang', 'quyen', 'Trung Quoc', 40000)
INSERT INTO SANPHAM (MASP, TENSP, DVT, NUOCSX, GIA) VALUES ('ST02', 'So tay loai 1', 'quyen', 'Viet Nam', 55000)
INSERT INTO SANPHAM (MASP, TENSP, DVT, NUOCSX, GIA) VALUES ('ST03', 'So tay loai 2', 'quyen', 'Viet Nam', 51000)
INSERT INTO SANPHAM (MASP, TENSP, DVT, NUOCSX, GIA) VALUES ('ST04', 'So tay', 'quyen', 'Thai Lan', 55000)
INSERT INTO SANPHAM (MASP, TENSP, DVT, NUOCSX, GIA) VALUES ('ST05', 'So tay mong', 'quyen', 'Thai Lan', 20000)
INSERT INTO SANPHAM (MASP, TENSP, DVT, NUOCSX, GIA) VALUES ('ST06', 'Phan viet bang', 'hop', 'Viet Nam', 5000)
INSERT INTO SANPHAM (MASP, TENSP, DVT, NUOCSX, GIA) VALUES ('ST07', 'Phan khong bui', 'hop', 'Viet Nam', 5000)
INSERT INTO SANPHAM (MASP, TENSP, DVT, NUOCSX, GIA) VALUES ('ST08', 'Bong bang', 'cai', 'Viet Nam', 1000)
INSERT INTO SANPHAM (MASP, TENSP, DVT, NUOCSX, GIA) VALUES ('ST09', 'But long', 'cay', 'Viet Nam', 5000)
INSERT INTO SANPHAM (MASP, TENSP, DVT, NUOCSX, GIA) VALUES ('ST10', 'But long', 'cay', 'Trung Quoc', 7000)

INSERT INTO HOADON (SOHD, NGHD, MAKH, MANV, TRIGIA) VALUES ('1001', '23/07/2006', 'KH01', 'NV01', 320000)
INSERT INTO HOADON (SOHD, NGHD, MAKH, MANV, TRIGIA) VALUES ('1002', '12/08/2006', 'KH01', 'NV02', 840000)
INSERT INTO HOADON (SOHD, NGHD, MAKH, MANV, TRIGIA) VALUES ('1003', '23/07/2006', 'KH02', 'NV01', 100000)
INSERT INTO HOADON (SOHD, NGHD, MAKH, MANV, TRIGIA) VALUES ('1004', '01/09/2006', 'KH02', 'NV01', 180000)
INSERT INTO HOADON (SOHD, NGHD, MAKH, MANV, TRIGIA) VALUES ('1005', '20/10/2006', 'KH01', 'NV02', 3800000)
INSERT INTO HOADON (SOHD, NGHD, MAKH, MANV, TRIGIA) VALUES ('1006', '16/10/2006', 'KH01', 'NV03', 2430000)
INSERT INTO HOADON (SOHD, NGHD, MAKH, MANV, TRIGIA) VALUES ('1007', '28/10/2006', 'KH03', 'NV03', 510000)
INSERT INTO HOADON (SOHD, NGHD, MAKH, MANV, TRIGIA) VALUES ('1008', '28/10/2006', 'KH01', 'NV03', 440000)
INSERT INTO HOADON (SOHD, NGHD, MAKH, MANV, TRIGIA) VALUES ('1009', '28/10/2006', 'KH03', 'NV04', 200000)
INSERT INTO HOADON (SOHD, NGHD, MAKH, MANV, TRIGIA) VALUES ('1010', '01/11/2006', 'KH01', 'NV01', 5200000)
INSERT INTO HOADON (SOHD, NGHD, MAKH, MANV, TRIGIA) VALUES ('1011', '04/11/2006', 'KH04', 'NV03', 250000)
INSERT INTO HOADON (SOHD, NGHD, MAKH, MANV, TRIGIA) VALUES ('1012', '30/11/2006', 'KH05', 'NV03', 21000)
INSERT INTO HOADON (SOHD, NGHD, MAKH, MANV, TRIGIA) VALUES ('1013', '12/12/2006', 'KH06', 'NV01', 5000)
INSERT INTO HOADON (SOHD, NGHD, MAKH, MANV, TRIGIA) VALUES ('1014', '31/12/2006', 'KH03', 'NV02', 3150000)
INSERT INTO HOADON (SOHD, NGHD, MAKH, MANV, TRIGIA) VALUES ('1015', '01/01/2007', 'KH06', 'NV01', 910000)
INSERT INTO HOADON (SOHD, NGHD, MAKH, MANV, TRIGIA) VALUES ('1016', '01/01/2007', 'KH07', 'NV02', 12500)
INSERT INTO HOADON (SOHD, NGHD, MAKH, MANV, TRIGIA) VALUES ('1017', '02/01/2007', 'KH08', 'NV03', 35000)
INSERT INTO HOADON (SOHD, NGHD, MAKH, MANV, TRIGIA) VALUES ('1018', '13/01/2007', 'KH08', 'NV03', 330000)
INSERT INTO HOADON (SOHD, NGHD, MAKH, MANV, TRIGIA) VALUES ('1019', '13/01/2007', 'KH01', 'NV03', 30000)
INSERT INTO HOADON (SOHD, NGHD, MAKH, MANV, TRIGIA) VALUES ('1020', '14/01/2007', 'KH09', 'NV04', 70000)
INSERT INTO HOADON (SOHD, NGHD, MAKH, MANV, TRIGIA) VALUES ('1021', '16/01/2007', 'KH10', 'NV03', 67500)
INSERT INTO HOADON (SOHD, NGHD, MAKH, MANV, TRIGIA) VALUES ('1022', '16/01/2007', NULL, 'NV03', 7000)
INSERT INTO HOADON (SOHD, NGHD, MAKH, MANV, TRIGIA) VALUES ('1023', '17/01/2007', NULL, 'NV01', 330000)

INSERT INTO CTHD (SOHD, MASP, SL) VALUES (1001, 'TV02', 10)
INSERT INTO CTHD (SOHD, MASP, SL) VALUES (1001, 'ST01', 5)
INSERT INTO CTHD (SOHD, MASP, SL) VALUES (1001, 'BC01', 5)
INSERT INTO CTHD (SOHD, MASP, SL) VALUES (1001, 'BC02', 10)
INSERT INTO CTHD (SOHD, MASP, SL) VALUES (1001, 'ST08', 10)
INSERT INTO CTHD (SOHD, MASP, SL) VALUES (1002, 'BC04', 20)
INSERT INTO CTHD (SOHD, MASP, SL) VALUES (1002, 'BB01', 20)
INSERT INTO CTHD (SOHD, MASP, SL) VALUES (1002, 'BB02', 20)
INSERT INTO CTHD (SOHD, MASP, SL) VALUES (1003, 'BB03', 10)
INSERT INTO CTHD (SOHD, MASP, SL) VALUES (1004, 'TV01', 20)
INSERT INTO CTHD (SOHD, MASP, SL) VALUES (1004, 'TV02', 10)
INSERT INTO CTHD (SOHD, MASP, SL) VALUES (1004, 'TV03', 10)
INSERT INTO CTHD (SOHD, MASP, SL) VALUES (1004, 'TV04', 10)
INSERT INTO CTHD (SOHD, MASP, SL) VALUES (1005, 'TV05', 50)
INSERT INTO CTHD (SOHD, MASP, SL) VALUES (1005, 'TV06', 50)
INSERT INTO CTHD (SOHD, MASP, SL) VALUES (1006, 'TV07', 20)
INSERT INTO CTHD (SOHD, MASP, SL) VALUES (1006, 'ST01', 30)
INSERT INTO CTHD (SOHD, MASP, SL) VALUES (1006, 'ST02', 10)
INSERT INTO CTHD (SOHD, MASP, SL) VALUES (1007, 'ST03', 10)
INSERT INTO CTHD (SOHD, MASP, SL) VALUES (1008, 'ST04', 8)
INSERT INTO CTHD (SOHD, MASP, SL) VALUES (1009, 'ST05', 10)
INSERT INTO CTHD (SOHD, MASP, SL) VALUES (1010, 'TV07', 50)
INSERT INTO CTHD (SOHD, MASP, SL) VALUES (1010, 'ST07', 50)
INSERT INTO CTHD (SOHD, MASP, SL) VALUES (1010, 'ST08', 100)
INSERT INTO CTHD (SOHD, MASP, SL) VALUES (1010, 'ST04', 50)
INSERT INTO CTHD (SOHD, MASP, SL) VALUES (1010, 'TV03', 100)
INSERT INTO CTHD (SOHD, MASP, SL) VALUES (1011, 'ST06', 50)
INSERT INTO CTHD (SOHD, MASP, SL) VALUES (1012, 'ST07', 3)
INSERT INTO CTHD (SOHD, MASP, SL) VALUES (1013, 'ST08', 5)
INSERT INTO CTHD (SOHD, MASP, SL) VALUES (1014, 'BC02', 80)
INSERT INTO CTHD (SOHD, MASP, SL) VALUES (1014, 'BB02', 100)
INSERT INTO CTHD (SOHD, MASP, SL) VALUES (1014, 'BC04', 60)
INSERT INTO CTHD (SOHD, MASP, SL) VALUES (1014, 'BB01', 50)
INSERT INTO CTHD (SOHD, MASP, SL) VALUES (1015, 'BB02', 30)
INSERT INTO CTHD (SOHD, MASP, SL) VALUES (1015, 'BB03', 7)
INSERT INTO CTHD (SOHD, MASP, SL) VALUES (1016, 'TV01', 5)
INSERT INTO CTHD (SOHD, MASP, SL) VALUES (1017, 'TV02', 1)
INSERT INTO CTHD (SOHD, MASP, SL) VALUES (1017, 'TV03', 1)
INSERT INTO CTHD (SOHD, MASP, SL) VALUES (1017, 'TV04', 5)
INSERT INTO CTHD (SOHD, MASP, SL) VALUES (1018, 'ST04', 6)
INSERT INTO CTHD (SOHD, MASP, SL) VALUES (1019, 'ST05', 1)
INSERT INTO CTHD (SOHD, MASP, SL) VALUES (1019, 'ST06', 2)
INSERT INTO CTHD (SOHD, MASP, SL) VALUES (1020, 'ST07', 10)
INSERT INTO CTHD (SOHD, MASP, SL) VALUES (1021, 'ST08', 5)
INSERT INTO CTHD (SOHD, MASP, SL) VALUES (1021, 'TV01', 7)
INSERT INTO CTHD (SOHD, MASP, SL) VALUES (1021, 'TV02', 10)
INSERT INTO CTHD (SOHD, MASP, SL) VALUES (1022, 'ST07', 1)
INSERT INTO CTHD (SOHD, MASP, SL) VALUES (1023, 'ST04', 6)
--Cau 2 phan II
select * from sanpham
SELECT * INTO SANPHAM1 FROM SANPHAM
select * from khachhang
SELECT * INTO KHACHHANG1 FROM KHACHHANG
select * from khachhang1
--Cau 4 phan II
select * from SANPHAM1
SELECT * FROM SANPHAM1 WHERE NUOCSX = 'Trung Quoc'
update SANPHAM1 SET GIA = GIA * 0.95 WHERE (NUOCSX = 'Trung Quoc' AND GIA < 10000)
--Cau 3 phan II
SELECT * FROM SANPHAM1 WHERE NUOCSX = 'Thai Lan'
update SANPHAM1 SET GIA = GIA * 1.05 WHERE NUOCSX = 'Thai Lan'
--Cau 5 phan II
UPDATE KHACHHANG1 SET LOAIKH = 'Vip' WHERE ((NGDK < '01/01/2007' AND DOANHSO >= 10000000) OR (NGDK >= '01/01/2007' AND DOANHSO >= 2000000))
--Cau 1 phan III
SELECT MASP, TENSP FROM SANPHAM WHERE (NUOCSX = 'Trung Quoc')
--Cau 2 Phan III
SELECT MASP, TENSP FROM SANPHAM WHERE (DVT = 'cay' AND DVT = 'quyen')
--Cau 3 phan III
SELECT MASP, TENSP FROM SANPHAM WHERE MASP LIKE 'B%01'
--Cau 4 phan III
SELECT MASP, TENSP FROM SANPHAM WHERE (NUOCSX = 'Trung Quoc' AND (GIA >= 30000 AND GIA <= 40000))
--Cau 5 phan III
SELECT MASP, TENSP FROM SANPHAM WHERE ((NUOCSX = 'Trung Quoc' OR NUOCSX = 'Thai Lan') AND (GIA >= 30000 AND GIA <= 40000))
--Cau 6 phan III
SELECT SOHD, TRIGIA FROM HOADON WHERE NGHD IN ('1/1/2007', '2/1/2007')
--Cau 7 phan III
SELECT SOHD, TRIGIA FROM HOADON
	WHERE YEAR(NGHD) = 2007 AND MONTH(NGHD) = 1 
		ORDER BY NGHD ASC, TRIGIA DESC
--Cau 8 phan III
SELECT kHACHHANG.MAKH, HOTEN FROM KHACHHANG 
	INNER JOIN HOADON ON KHACHHANG.MAKH = HOADON.MAKH 
		WHERE NGHD = '1/1/2027'
--Cau 9 phan III
SELECT HOADON.SOHD, TRIGIA FROM HOADON 
	INNER JOIN NHANVIEN ON HOADON.MANV = NHANVIEN.MANV 
		WHERE HOTEN = 'NGUYEN VAN B' AND NGHD = '28/10/2006'
--Cau 10 phan III
SELECT HOADON.SOHD, TRIGIA FROM HOADON 
	INNER JOIN KHACHHANG ON HOADON.MAKH = KHACHHANG.MAKH 
		WHERE HOTEN = 'NGUYEN VAN A' AND (YEAR(NGHD) = 2006 AND MONTH(NGHD) = 10) 
--Cau 11 phan III
SELECT SOHD FROM CTHD WHERE MASP IN ('BB01', 'BB02')
--Cau 12 phan III
SELECT SOHD FROM CTHD WHERE MASP IN ('BB01', 'BB02') 
	AND SL BETWEEN 10 AND 20
--Cau 13 phan III
SELECT SOHD FROM CTHD WHERE MASP IN ('BB01', 'BB02')
	AND SL BETWEEN 10 AND 20
	GROUP BY SOHD
	HAVING COUNT(MASP) = 2
--Cau 14 phan III
SELECT MASP, TENSP FROM SANPHAM
	WHERE NUOCSX = 'Trung Quoc' OR
		MASP IN(SELECT DISTINCT CT.MASP 
				FROM CTHD CT INNER JOIN HOADON HD
				ON CT.SOHD = HD.SOHD
				WHERE NGHD = '01/01/2007'
				)
--Cau 15 phan III
SELECT MASP, TENSP FROM SANPHAM 
	WHERE MASP NOT IN (
		SELECT DISTINCT MASP 
		FROM CTHD )
--Cau 16 phan III
SELECT MASP, TENSP FROM SANPHAM 
	WHERE MASP NOT IN (
		SELECT CT.MASP
		FROM CTHD CT INNER JOIN HOADON HD
		ON CT.SOHD = HD.SOHD
		WHERE YEAR(NGHD) = 2006)
--Cau 17 phan III
SELECT MASP, TENSP FROM SANPHAM 
	WHERE NUOCSX = 'Trung Quoc' AND MASP NOT IN (
		SELECT DISTINCT CT.MASP
		FROM CTHD CT INNER JOIN HOADON HD
		ON CT.SOHD = HD.SOHD
		WHERE YEAR(NGHD) = 2006)
--Cau 18 phan III
SELECT SOHD 
FROM HOADON
WHERE NOT EXISTS(
	SELECT* FROM SANPHAM
	WHERE NUOCSX = 'Singapore'
	AND NOT EXISTS(
		SELECT * FROM CTHD
		WHERE CTHD.SOHD = HOADON.SOHD 
		AND CTHD.MASP = SANPHAM.MASP
	)
)
--Cau 19 phan III
SELECT SOHD 
FROM HOADON
WHERE YEAR(NGHD) = 2006 AND NOT EXISTS(
	SELECT* FROM SANPHAM
	WHERE NUOCSX = 'Singapore'
	AND NOT EXISTS(
		SELECT * FROM CTHD
		WHERE CTHD.SOHD = HOADON.SOHD 
		AND CTHD.MASP = SANPHAM.MASP
	)
)
--Cau 20 phan III
SELECT COUNT(*) FROM HOADON
	WHERE MAKH NOT IN(
		SELECT MAKH FROM KHACHHANG 
		WHERE KHACHHANG.MAKH = HOADON.MAKH
	)
--Cau 21 phan III
SELECT COUNT(DISTINCT MASP) 
	FROM CTHD CT INNER JOIN HOADON HD
	ON CT.SOHD = HD.SOHD
	WHERE YEAR(NGHD) = '2006'
--Cau 22 phan III
SELECT MIN(TRIGIA) GIAMIN, MAX(TRIGIA) GIAMAX FROM HOADON
--Cau 23 phan III
SELECT AVG(TRIGIA) FROM HOADON WHERE YEAR(NGHD) = '2006'
--Cau 24 phan III
SELECT SUM(TRIGIA) FROM HOADON WHERE YEAR(NGHD) = '2006'
--Cau 25 phann III
SELECT SOHD FROM HOADON
WHERE YEAR(NGHD) = '2006' AND TRIGIA = (
	SELECT MAX(TRIGIA) FROM HOADON
)
--Cau 26 phan III
SELECT HOTEN FROM HOADON HD INNER JOIN KHACHHANG KH
ON HD.MAKH = KH.MAKH
WHERE YEAR(NGHD) = '2006' AND TRIGIA = (
	SELECT MAX(TRIGIA) FROM HOADON
)
--Cau 27 phan III
SELECT TOP 3 WITH TIES MAKH, HOTEN
FROM KHACHHANG
ORDER BY DOANHSO DESC
--Cau 28 phan III
SELECT MASP, TENSP
FROM SANPHAM 
WHERE GIA IN(
	SELECT TOP 3 GIA
	FROM SANPHAM
	ORDER BY GIA DESC
)
--Cau 29 phan III
SELECT MASP, TENSP
FROM SANPHAM 
WHERE NUOCSX = 'Thai Lan' AND GIA IN(
	SELECT TOP 3 GIA
	FROM SANPHAM
	ORDER BY GIA DESC
)
--Cau 30 phan III
SELECT MASP, TENSP
FROM SANPHAM 
WHERE NUOCSX = 'Trung Quoc' AND GIA IN(
	SELECT TOP 3 GIA
	FROM SANPHAM
	WHERE NUOCSX = 'Trung Quoc'
	ORDER BY GIA DESC
)
--Cau 31 phan III
SELECT TOP 3 WITH TIES *
FROM KHACHHANG
ORDER BY DOANHSO DESC
--Cau 32 phan III
SELECT COUNT(MASP)
FROM SANPHAM
WHERE NUOCSX = 'Trung Quoc'
--Cau 33 phan III
SELECT NUOCSX, COUNT(MASP)
FROM SANPHAM
GROUP BY NUOCSX
--Cau 34 phan III
SELECT NUOCSX, MAX(GIA), MIN(GIA), AVG(GIA)
FROM SANPHAM 
GROUP BY NUOCSX
--Cau 35 phan III
SELECT NGHD, SUM(TRIGIA)
FROM HOADON
GROUP BY NGHD
--Cau 36 phan III
SELECT  CT.MASP, SUM(SL) SL
FROM CTHD CT INNER JOIN HOADON HD 
ON CT.SOHD = HD.SOHD
WHERE YEAR(NGHD) = '2006' AND MONTH(NGHD) = '10'
GROUP BY CT.MASP
--Cau 37 phan III
SELECT MONTH(NGHD), SUM(TRIGIA)
FROM HOADON
WHERE YEAR(NGHD) = 2006
GROUP BY MONTH(NGHD)
--Cau 38 phan III
SELECT SOHD
FROM CTHD
GROUP BY SOHD
HAVING COUNT( DISTINCT MASP) >= 4
--Cau 39 phan III
SELECT SOHD FROM CTHD CT INNER JOIN SANPHAM SP
ON CT.MASP = SP.MASP
WHERE NUOCSX = 'Viet Nam'
GROUP BY SOHD 
HAVING COUNT(DISTINCT CT.MASP) = 3
--Cau 40 phan III
SELECT top 1 with ties KHACHHANG.MAKH, HOTEN
FROM KHACHHANG, HOADON
WHERE KHACHHANG.MAKH = HOADON.MAKH
GROUP BY KHACHHANG.MAKH, HOTEN
ORDER BY count(SOHD) desc
--Cau 41 phan III
SELECT month(NGHD) AS THANG
FROM HOADON
GROUP BY month (NGHD)
HAVING sum(TRIGIA) >= all (
    SELECT sum(TRIGIA)
    FROM HOADON
    WHERE year(NGHD) = 2006
    GROUP BY month (NGHD)
    )
--Cau 42 phan III
SELECT SANPHAM.MASP, TENSP
FROM SANPHAM, HOADON, CTHD
WHERE SANPHAM.MASP = CTHD.MASP and CTHD.SOHD = HOADON.SOHD and year(NGHD) = 2006
GROUP BY SANPHAM.MASP, TENSP
HAVING sum(SL) <= all(
    SELECT sum(SL)             
    FROM CTHD
    GROUP BY MASP
    )
SELECT top 1 with ties SANPHAM.MASP, TENSP
FROM HOADON, CTHD, SANPHAM
WHERE HOADON.SOHD = CTHD.SOHD and CTHD.MASP = SANPHAM.MASP and year(NGHD) = 2006
GROUP BY SANPHAM.MASP, TENSP
ORDER BY sum(SL) asc
--Cau 43 phan III
SELECT MASP, TENSP, GIA, NUOCSX
FROM SANPHAM as DS_SANPHAM
WHERE GIA in (
    SELECT max(GIA)                         
    FROM SANPHAM AS DS_GIA
    WHERE DS_SANPHAM.NUOCSX = DS_GIA.NUOCSX 
    GROUP BY NUOCSX  
    )
--Cau 44 phan III
SELECT NUOCSX
FROM SANPHAM 
GROUP BY NUOCSX
HAVING count(distinct GIA) >= 3


--CAU 11 LAB 5
GO
CREATE TRIGGER trg_ins_udt_NgHD ON HoaDon
FOR Insert, Update
AS
BEGIN
	DECLARE @NgDK smalldatetime, @NgHD smalldatetime
	select @NgHD = NgHD from inserted
	select @NgDK = NgDK from KHACHHANG
	IF (EXISTS (SELECT * FROM KhachHang, inserted 
				WHERE KhachHang.MaKH = inserted.MaKH 
				AND KhachHang.NgDK > inserted.NgHD))
		BEGIN
			PRINT @NGDK
			PRINT @NGHD
			PRINT 'Error: NgDK PHAI LON HON NgHD'
			ROLLBACK TRANSACTION
		END
	ELSE
		BEGIN
			PRINT 'Them thanh cong'
		END
END
GO
CREATE TRIGGER trg_upd_NgDK ON KhachHang
FOR Update
AS
BEGIN
	DECLARE @NgDK smalldatetime, @NgHD smalldatetime
	select @NgHD = NgHD from HOADON
	select @NgDK = NgDK from inserted
	IF (EXISTS (SELECT * FROM HoaDon, inserted
				WHERE HoaDon.MaKH = inserted.MAKH
				AND HoaDon.NgHD < inserted.NgDK))
		BEGIN
			PRINT @NGDK
			PRINT @NGHD
			PRINT 'Error: NgDK PHAI LON HON NgHD'
			ROLLBACK TRANSACTION
		END
	ELSE
		BEGIN
			PRINT 'Sua thanh cong'
		END
END
--CAU 12 LAB 5
GO
CREATE TRIGGER trg_ins_udt_NgBH ON HoaDon
FOR Insert, Update
AS
BEGIN
	DECLARE @NgVL smalldatetime, @NgHD smalldatetime
	select @NgHD = NgHD from inserted
	select @NgVL = NgVL from NHANVIEN
	IF (EXISTS (SELECT * FROM NhanVien, inserted 
				WHERE NhanVien.MaNV = inserted.MaKH 
				AND NhanVien.NgVL > inserted.NgHD))
		BEGIN
			PRINT 'Error: NgDK PHAI LON HON NgHD'
			ROLLBACK TRANSACTION
		END
	ELSE
		BEGIN
			PRINT 'Them thanh cong'
		END
END
GO
CREATE TRIGGER trg_upd_NgVL ON NhanVien
FOR Update
AS
BEGIN
	DECLARE @NgVL smalldatetime, @NgHD smalldatetime
	select @NgHD = NgHD from HOADON
	select @NgVL = NgVL from inserted
	IF (EXISTS (SELECT * FROM HoaDon, inserted
				WHERE HoaDon.MaNV = inserted.MANV
				AND HoaDon.NgHD < inserted.NgVL))
		BEGIN
			PRINT 'Error: NgDK PHAI LON HON NgHD'
			ROLLBACK TRANSACTION
		END
	ELSE
		BEGIN
			PRINT 'Sua thanh cong'
		END
END
--CAU 13 LAB 5
GO
CREATE TRIGGER trg_ins on HoaDon
FOR insert
AS
BEGIN
	DECLARE @count_CTHD int, @SOHD int
	SELECT @SOHD = SOHD from inserted
	SELECT @count_CTHD = count(SOHD) from CTHD where SOHD = @SOHD
	IF (@count_CTHD < 1)
		BEGIN
			print 'Error: Thêm không thành công'
			ROLLBACK TRANSACTION
		END
	ELSE
		BEGIN
			print 'Thêm thành công'
		END
END
GO
CREATE TRIGGER trg_del on CTHD
FOR delete
AS
BEGIN
	DECLARE @count_CTHD int, @SOHD int
	SELECT @SOHD = SOHD from HOADON
	SELECT @count_CTHD = count(SOHD) from inserted where SOHD = @SOHD
	IF (@count_CTHD < 1)
		BEGIN
			print 'Error: Thêm không thành công'
			ROLLBACK TRANSACTION
		END
	ELSE
		BEGIN
			print 'Thêm thành công'
		END
END

--CAU 14 LAB 5
GO
CREATE TRIGGER TRG_CTHD ON CTHD FOR INSERT, DELETE
AS
BEGIN
	DECLARE @SOHD INT, @TONGGIATRI INT

	SELECT @TONGGIATRI = SUM(SL * GIA), @SOHD = SOHD 
	FROM INSERTED INNER JOIN SANPHAM
	ON INSERTED.MASP = SANPHAM.MASP
	GROUP BY SOHD

	UPDATE HOADON
	SET TRIGIA += @TONGGIATRI
	WHERE SOHD = @SOHD
END
GO
CREATE TRIGGER TR_DEL_CTHD ON CTHD FOR DELETE
AS
BEGIN
	DECLARE @SOHD INT, @GIATRI INT

	SELECT @SOHD = SOHD, @GIATRI = SL * GIA 
	FROM DELETED INNER JOIN SANPHAM 
	ON SANPHAM.MASP = DELETED.MASP

	UPDATE HOADON
	SET TRIGIA -= @GIATRI
	WHERE SOHD = @SOHD
END
--CAU 15 LAB 5
GO
CREATE TRIGGER trg_upd_DoanhSo ON KhachHang
FOR UPDATE
AS
BEGIN
	DECLARE @TongTriGia MONEY, @DoanhSo MONEY

	SELECT @TongTriGia = SUM(TriGia)
	FROM HoaDon, inserted
	WHERE HoaDon.MaKH = inserted.MaKH

	SELECT @DoanhSo = DoanhSo FROM inserted

	IF (@DoanhSo <> @TongTriGia)
	BEGIN
		PRINT('Doanh so cua mot khach hang la tong tri gia cac hoa don khach hang thanh vien do da mua')
		ROLLBACK TRANSACTION
	END
END